,Date,Open,High,Low,Close,Adj Close,Volume,x_normalized,Fischer_Transformation
0,2020-01-02,74.05999755859375,75.1500015258789,73.79750061035156,75.0875015258789,73.78590393066406,135480400,-0.5379533387375547,-0.6012709631488921
1,2020-01-03,74.2874984741211,75.1449966430664,74.125,74.35749816894531,73.06857299804688,146322800,-0.5558352919237606,-0.6267861939191538
2,2020-01-06,73.44750213623047,74.98999786376953,73.1875,74.94999694824219,73.65078735351562,118387200,-0.5413215864979481,-0.6060230800540718
3,2020-01-07,74.95999908447266,75.2249984741211,74.37000274658203,74.59750366210938,73.30441284179688,108872000,-0.5499561685601648,-0.618318474972278
4,2020-01-08,74.29000091552734,76.11000061035156,74.29000091552734,75.79750061035156,74.48359680175781,132079200,-0.5205609321202507,-0.5771088840454601
5,2020-01-09,76.80999755859375,77.60749816894531,76.55000305175781,77.40750122070312,76.06568908691406,170108400,-0.48112181288946254,-0.524442956307699
6,2020-01-10,77.6500015258789,78.1675033569336,77.0625,77.5824966430664,76.23765563964844,140644800,-0.47683495210350735,-0.5188797687476331
7,2020-01-13,77.91000366210938,79.26750183105469,77.7874984741211,79.23999786376953,77.86643981933594,121532000,-0.43623187599560986,-0.46756758539857224
8,2020-01-14,79.17500305175781,79.39250183105469,78.0425033569336,78.16999816894531,76.81498718261719,161954400,-0.4624429676583075,-0.5004143604087783
9,2020-01-15,77.9625015258789,78.875,77.38749694824219,77.83499908447266,76.48578643798828,121923600,-0.4706494342090255,-0.5109042332802837
10,2020-01-16,78.39749908447266,78.92500305175781,78.02249908447266,78.80999755859375,77.44388580322266,108829200,-0.4467654955444178,-0.48065184033027913
11,2020-01-17,79.06749725341797,79.68499755859375,78.75,79.68250274658203,78.30126953125,137816400,-0.4253922422939802,-0.4542573325338582
12,2020-01-21,79.29750061035156,79.75499725341797,79.0,79.14250183105469,77.77062225341797,110843200,-0.4386204600511029,-0.470521350479113
13,2020-01-22,79.6449966430664,79.99749755859375,79.32749938964844,79.42500305175781,78.0482406616211,101832400,-0.43169986154713924,-0.46198401986582616
14,2020-01-23,79.4800033569336,79.88999938964844,78.9124984741211,79.80750274658203,78.4240951538086,104472000,-0.42233038906447296,-0.4505249133129042
15,2020-01-24,80.0625,80.8324966430664,79.37999725341797,79.57749938964844,78.19808197021484,146537600,-0.4279645489545856,-0.4574021750589543
16,2020-01-27,77.51499938964844,77.94249725341797,76.22000122070312,77.23750305175781,75.89864349365234,161940000,-0.485286001749644,-0.5298756116317057
17,2020-01-28,78.1500015258789,79.5999984741211,78.04750061035156,79.42250061035156,78.04576110839844,162234000,-0.4317616729826067,-0.4620599918254673
18,2020-01-29,81.11250305175781,81.9625015258789,80.34500122070312,81.08499908447266,79.679443359375,216229200,-0.39103649551603203,-0.413023044756121
19,2020-01-30,80.13500213623047,81.02249908447266,79.6875,80.96749877929688,79.5639877319336,126743200,-0.39391462614042694,-0.4164252442701865
20,2020-01-31,80.23249816894531,80.66999816894531,77.07250213623047,77.37750244140625,76.03622436523438,199588400,-0.48185632293184766,-0.5253991402049003
21,2020-02-03,76.07499694824219,78.37249755859375,75.55500030517578,77.16500091552734,75.82740783691406,173788400,-0.4870617967433647,-0.5322010635841059
22,2020-02-04,78.82749938964844,79.91000366210938,78.40750122070312,79.7125015258789,78.33074951171875,136616400,-0.4246573518735307,-0.45336041793223864
23,2020-02-05,80.87999725341797,81.19000244140625,79.73750305175781,80.36250305175781,78.96946716308594,118826800,-0.40873510647519007,-0.4340916818796078
24,2020-02-06,80.64250183105469,81.30500030517578,80.06500244140625,81.30249786376953,79.89318084716797,105425600,-0.38570834977874124,-0.40674845801581055
25,2020-02-07,80.59249877929688,80.8499984741211,79.5,80.00749969482422,78.80721282958984,117684000,-0.4127798566231452,-0.43895739557532404
26,2020-02-10,78.54499816894531,80.38749694824219,78.4625015258789,80.38749694824219,79.18151092529297,109348800,-0.4034491827030493,-0.427761878617936
27,2020-02-11,80.9000015258789,80.9749984741211,79.67749786376953,79.90249633789062,78.70379638671875,94323200,-0.4153578689547168,-0.44206888539213185
28,2020-02-12,80.36750030517578,81.80500030517578,80.36750030517578,81.80000305175781,80.57282257080078,113730400,-0.36876593041163996,-0.38699404408926324
29,2020-02-13,81.04750061035156,81.55500030517578,80.8375015258789,81.21749877929688,79.99906158447266,94747600,-0.38306890638976665,-0.40365140816635753
30,2020-02-14,81.18499755859375,81.49500274658203,80.7125015258789,81.23750305175781,80.01876831054688,80113600,-0.38257764811957484,-0.40307579108579766
31,2020-02-18,78.83999633789062,79.9375,78.65249633789062,79.75,78.5535659790039,152531200,-0.41910288118791306,-0.4466032560068202
32,2020-02-19,80.0,81.14250183105469,80.0,80.90499877929688,79.69124603271484,93984000,-0.3907422730832072,-0.41267575895489145
33,2020-02-20,80.65750122070312,81.1624984741211,79.55249786376953,80.07499694824219,78.87370300292969,100566000,-0.41112235920745754,-0.4369611223449914
34,2020-02-21,79.65499877929688,80.11250305175781,77.625,78.26249694824219,77.08838653564453,129554000,-0.4556275436891547,-0.49177935660434163
35,2020-02-24,74.31500244140625,76.04499816894531,72.30750274658203,74.54499816894531,73.42666625976562,222195200,-0.5469085795080733,-0.6139599185619572
36,2020-02-25,75.23750305175781,75.63249969482422,71.53250122070312,72.0199966430664,70.9395523071289,230673600,-0.6089084923064019,-0.7071848526742064
37,2020-02-26,71.63249969482422,74.47000122070312,71.625,73.1624984741211,72.0649185180664,198054800,-0.5808548492996788,-0.6637518709594894
38,2020-02-27,70.2750015258789,71.5,68.23999786376953,68.37999725341797,67.35415649414062,320605600,-0.6982868770471176,-0.8639493303278226
39,2020-02-28,64.31500244140625,69.60250091552734,64.09249877929688,68.33999633789062,67.31475067138672,426510000,-0.6992692033984689,-0.8658690280741089
40,2020-03-02,70.56999969482422,75.36000061035156,69.43000030517578,74.70249938964844,73.58180236816406,341397200,-0.5430412757271675,-0.6084587671886216
41,2020-03-03,75.9175033569336,76.0,71.44999694824219,72.33000183105469,71.2448959350586,319475600,-0.6012967468593966,-0.6951758165203268
42,2020-03-04,74.11000061035156,75.8499984741211,73.28250122070312,75.68499755859375,74.549560546875,219178400,-0.5189165577477852,-0.5748559185261998
43,2020-03-05,73.87999725341797,74.88749694824219,72.85250091552734,73.2300033569336,72.13139343261719,187572800,-0.5791977322620556,-0.661254591076926
44,2020-03-06,70.5,72.70500183105469,70.30750274658203,72.25749969482422,71.17349243164062,226176800,-0.6030767260118259,-0.6979685089903467
45,2020-03-09,65.9375,69.52249908447266,65.75,66.5425033569336,65.5442123413086,286744800,-0.7434059917247802,-0.9580504219571826
46,2020-03-10,69.28500366210938,71.61000061035156,67.34249877929688,71.33499908447266,70.26483154296875,285290000,-0.6257282397477295,-0.7343644883383411
47,2020-03-11,69.34750366210938,70.30500030517578,67.96499633789062,68.85749816894531,67.8244857788086,255598800,-0.6865622937786267,-0.8414234772245687
48,2020-03-12,63.98500061035156,67.5,62.0,62.057498931884766,61.126502990722656,418474000,-0.8535326685560995,-1.2690231188679204
49,2020-03-13,66.22250366210938,69.9800033569336,63.23749923706055,69.49250030517578,68.44996643066406,370732000,-0.6709700263511659,-0.812505369475854
50,2020-03-16,60.48749923706055,64.7699966430664,60.0,60.5525016784668,59.64408493041992,322423600,-0.8904870631756139,-1.4242735467221492
51,2020-03-17,61.87749862670898,64.40249633789062,59.59999847412109,63.21500015258789,62.26663589477539,324056000,-0.825110914677539,-1.1726220322522205
52,2020-03-18,59.942501068115234,62.5,59.27999877929688,61.66749954223633,60.74235916137695,300233600,-0.8631087814222592,-1.3054075869555364
53,2020-03-19,61.84749984741211,63.209999084472656,60.65250015258789,61.19499969482422,60.27695083618164,271857200,-0.8747106927649763,-1.3527920541785703
54,2020-03-20,61.79499816894531,62.95750045776367,57.0,57.310001373291016,56.450233459472656,401693200,-0.9701048516889286,-2.09407292056829
55,2020-03-23,57.02000045776367,57.125,53.15250015258789,56.09249877929688,55.25099563598633,336752800,-0.999,-3.8002011672502
56,2020-03-24,59.09000015258789,61.92250061035156,58.57500076293945,61.720001220703125,60.79407501220703,287531200,-0.8618195850674413,-1.3003746870780295
57,2020-03-25,62.6875,64.5625,61.07500076293945,61.380001068115234,60.45917510986328,303602000,-0.8701681228252182,-1.333771625040163
58,2020-03-26,61.630001068115234,64.66999816894531,61.59000015258789,64.61000061035156,63.640724182128906,252087200,-0.7908570141263379,-1.0737157010582064
59,2020-03-27,63.1875,63.96749877929688,61.76250076293945,61.935001373291016,61.00584411621094,204216800,-0.85654050810046,-1.2802086920255573
60,2020-03-30,62.685001373291016,63.880001068115234,62.34999847412109,63.70249938964844,62.746829986572266,167976400,-0.8131404169904041,-1.136229108018386
61,2020-03-31,63.900001525878906,65.62249755859375,63.0,63.5724983215332,62.618778228759766,197002000,-0.8163325497069733,-1.1457239387189337
62,2020-04-01,61.625,62.18000030517578,59.782501220703125,60.227500915527344,59.32395935058594,176218400,-0.898467299872521,-1.4642106199958962
63,2020-04-02,60.084999084472656,61.28749847412109,59.22499847412109,61.23249816894531,60.31387710571289,165934000,-0.8737901778490923,-1.348886357275345
64,2020-04-03,60.70000076293945,61.42499923706055,59.74250030517578,60.352500915527344,59.44708251953125,129880000,-0.8953980292707577,-1.4485108726076463
65,2020-04-06,62.72499847412109,65.77749633789062,62.345001220703125,65.61750030517578,64.63310241699219,201820400,-0.7661185561400223,-1.0108625873483168
66,2020-04-07,67.69999694824219,67.92500305175781,64.75,64.85749816894531,63.88449096679688,202887200,-0.7847802843582785,-1.0576955785577409
67,2020-04-08,65.68499755859375,66.84249877929688,65.30750274658203,66.51750183105469,65.51959991455078,168895200,-0.7440195415426812,-0.9594233510021452
68,2020-04-09,67.17500305175781,67.51750183105469,66.17500305175781,66.99749755859375,65.99237823486328,161834800,-0.7322339075948519,-0.9335266603514945
69,2020-04-13,67.07749938964844,68.42500305175781,66.4574966430664,68.3125,67.28768157958984,131022800,-0.6999439940847407,-0.8671907206144608
70,2020-04-14,70.0,72.0625,69.51249694824219,71.76249694824219,70.6859130859375,194994800,-0.6152313266821376,-0.7172955782770818
71,2020-04-15,70.5999984741211,71.5824966430664,70.15750122070312,71.10749816894531,70.04073333740234,131154400,-0.6313146621907579,-0.743598986379298
72,2020-04-16,71.84500122070312,72.05000305175781,70.5875015258789,71.67250061035156,70.59725189208984,157125200,-0.6174415134254201,-0.7208596597210877
73,2020-04-17,71.17250061035156,71.73750305175781,69.21499633789062,70.69999694824219,69.63935089111328,215250000,-0.6413205071751903,-0.7604135860263033
74,2020-04-20,69.48750305175781,70.41999816894531,69.2125015258789,69.23249816894531,68.19386291503906,130015200,-0.6773542917843045,-0.8242090810570689
75,2020-04-21,69.06999969482422,69.3125,66.35749816894531,67.09249877929688,66.08598327636719,180991600,-0.7299004783586991,-0.9285143345613691
76,2020-04-22,68.40249633789062,69.4749984741211,68.05000305175781,69.0250015258789,67.98948669433594,116862400,-0.6824490755790769,-0.8336837982987975
77,2020-04-23,68.96749877929688,70.4375,68.71749877929688,68.75749969482422,67.72599029541016,124814400,-0.6890176341844245,-0.8460830741729098
78,2020-04-24,69.30000305175781,70.75250244140625,69.25,70.74250030517578,69.68121337890625,126161200,-0.6402769399554682,-0.7586429573191674
79,2020-04-27,70.44999694824219,71.13500213623047,69.98750305175781,70.7925033569336,69.73046112060547,117087600,-0.6390492697525694,-0.7565650857222281
80,2020-04-28,71.2699966430664,71.4574966430664,69.55000305175781,69.6449966430664,68.60017395019531,112004800,-0.6672255846850662,-0.8057256842041417
81,2020-04-29,71.18250274658203,72.4175033569336,70.97250366210938,71.93250274658203,70.85336303710938,137280800,-0.6110570578032491,-0.7106065727389516
82,2020-04-30,72.48999786376953,73.63249969482422,72.0875015258789,73.44999694824219,72.34809875488281,183064000,-0.5737956029912361,-0.6531632629160764
83,2020-05-01,71.5625,74.75,71.4625015258789,72.26750183105469,71.18334197998047,240616800,-0.6028311919712461,-0.6975827200230987
84,2020-05-04,72.2925033569336,73.42250061035156,71.58000183105469,73.29000091552734,72.19051361083984,133568000,-0.5777239574514803,-0.6590396623741481
85,2020-05-05,73.76499938964844,75.25,73.61499786376953,74.38999938964844,73.27399444580078,147751200,-0.5507144522315759,-0.6194061955928293
86,2020-05-06,75.11499786376953,75.80999755859375,74.71749877929688,75.15750122070312,74.02997589111328,142333600,-0.5318690014082071,-0.5927478350773319
87,2020-05-07,75.80500030517578,76.2925033569336,75.49250030517578,75.93499755859375,74.7957992553711,115215200,-0.5127782067332909,-0.5664918321336009
88,2020-05-08,76.41000366210938,77.5875015258789,76.07250213623047,77.53250122070312,76.57608795166016,133838400,-0.4683983568238185,-0.5080165573808668
89,2020-05-11,77.0250015258789,79.26249694824219,76.80999755859375,78.75250244140625,77.78103637695312,145946400,-0.4383608520221397,-0.47019994439548674
90,2020-05-12,79.4574966430664,79.92250061035156,77.72750091552734,77.85250091552734,76.89213562011719,162301200,-0.46051977616462614,-0.49797076742953705
91,2020-05-13,78.0374984741211,78.98750305175781,75.80249786376953,76.9124984741211,75.96372985839844,200622400,-0.48366349911588247,-0.5277554794832336
92,2020-05-14,76.12750244140625,77.44750213623047,75.38249969482422,77.38500213623047,76.43040466308594,158929200,-0.47203001639381914,-0.5126791288966198
93,2020-05-15,75.0875015258789,76.9749984741211,75.05249786376953,76.92749786376953,75.9785385131836,166348400,-0.48329434220436795,-0.5272737074466963
94,2020-05-18,78.2925033569336,79.125,77.58000183105469,78.73999786376953,77.76868438720703,135178400,-0.43866876806528354,-0.47058116791149174
95,2020-05-19,78.75749969482422,79.62999725341797,78.25250244140625,78.28500366210938,77.31930541992188,101729600,-0.4498710922513327,-0.4845386505388908
96,2020-05-20,79.16999816894531,79.87999725341797,79.12999725341797,79.80750274658203,78.82301330566406,111504800,-0.4123859751374437,-0.43848271106849124
97,2020-05-21,79.66500091552734,80.22250366210938,78.96749877929688,79.2125015258789,78.23534393310547,102688800,-0.4270356657212845,-0.4562655698632114
98,2020-05-22,78.94249725341797,79.80750274658203,78.8375015258789,79.72250366210938,78.73906707763672,81803200,-0.41447862505882194,-0.4410067948962868
99,2020-05-26,80.875,81.05999755859375,79.125,79.18250274658203,78.20572662353516,125522000,-0.42777397954431373,-0.4571688993765947
100,2020-05-27,79.03500366210938,79.67749786376953,78.27249908447266,79.52749633789062,78.54647064208984,112945200,-0.419279756987866,-0.44681783854339846
101,2020-05-28,79.19249725341797,80.86000061035156,78.90750122070312,79.5625,78.58103942871094,133560800,-0.41841801048293414,-0.4457727469078933
102,2020-05-29,79.8125,80.2874984741211,79.11750030517578,79.48500061035156,78.50450134277344,153532400,-0.420325986854039,-0.44808789661122955
103,2020-06-01,79.4375,80.5875015258789,79.30249786376953,80.4625015258789,79.4699478149414,80791200,-0.39625889615141563,-0.419203125895765
104,2020-06-02,80.1875,80.86000061035156,79.73249816894531,80.83499908447266,79.83782958984375,87642800,-0.387088171207406,-0.40837044900126196
105,2020-06-03,81.16500091552734,81.55000305175781,80.57499694824219,81.27999877929688,80.27733612060547,104491200,-0.37613195162903323,-0.39554651195522134
106,2020-06-04,81.09750366210938,81.40499877929688,80.19499969482422,80.58000183105469,79.58598327636719,87560400,-0.39336631116057297,-0.41577638699916486
107,2020-06-05,80.8375015258789,82.9375,80.80750274658203,82.875,81.8526840209961,137250400,-0.33686095950271655,-0.35054744746647837
108,2020-06-08,82.5625,83.4000015258789,81.83000183105469,83.36499786376953,82.33663177490234,95654400,-0.3247968888117355,-0.3370004420667441
109,2020-06-09,83.03500366210938,86.40249633789062,83.00250244140625,85.99749755859375,84.9366455078125,147712400,-0.25998255871480147,-0.26608970116754604
110,2020-06-10,86.9749984741211,88.69249725341797,86.52249908447266,88.20999908447266,87.12186431884766,166651600,-0.20550842592092022,-0.20847715327709967
111,2020-06-11,87.32749938964844,87.76499938964844,83.87000274658203,83.9749984741211,82.9391098022461,201662400,-0.3097780413163801,-0.3202998713073665
112,2020-06-12,86.18000030517578,86.94999694824219,83.55500030517578,84.69999694824219,83.65515899658203,200146000,-0.291928039887585,-0.30067262950213336
113,2020-06-15,83.3125,86.41999816894531,83.1449966430664,85.74749755859375,84.68973541259766,138808800,-0.26613764636413006,-0.27270242013887946
114,2020-06-16,87.86499786376953,88.30000305175781,86.18000030517578,88.0199966430664,86.9342041015625,165428800,-0.21018650554612617,-0.21336646445429627
115,2020-06-17,88.7874984741211,88.8499984741211,87.77249908447266,87.89749908447266,86.81321716308594,114406400,-0.21320252321887134,-0.21652398802255576
116,2020-06-18,87.85250091552734,88.36250305175781,87.30500030517578,87.93250274658203,86.84780883789062,96820400,-0.2123402061468429,-0.21562078121834824
117,2020-06-19,88.66000366210938,89.13999938964844,86.2874984741211,87.43000030517578,86.35147857666016,264476000,-0.22471295363709665,-0.22861421438837784
118,2020-06-22,87.83499908447266,89.86499786376953,87.7874984741211,89.71749877929688,88.61076354980469,135445200,-0.16839246571854583,-0.17001175309619038
119,2020-06-23,91.0,93.09500122070312,90.56749725341795,91.63249969482422,90.5021514892578,212155600,-0.12124308312206933,-0.12184246504590458
120,2020-06-24,91.25,92.19750213623048,89.62999725341797,90.01499938964844,88.90460205078125,192623200,-0.16106752533210933,-0.16248246062288932
121,2020-06-25,90.1750030517578,91.25,89.39250183105469,91.20999908447266,90.08485412597656,137522400,-0.13164566242768594,-0.1324141681680189
122,2020-06-26,91.10250091552734,91.33000183105467,88.25499725341797,88.40750122070312,87.31692504882812,205256800,-0.20064586293447317,-0.20340541858282774
123,2020-06-29,88.3125,90.5425033569336,87.81999969482422,90.44499969482422,89.32929992675781,130646000,-0.15048046266525106,-0.15163199412598355
124,2020-06-30,90.0199966430664,91.49500274658205,90.0,91.1999969482422,90.07496643066406,140223200,-0.1318921474134268,-0.13266500850703927
125,2020-07-01,91.27999877929688,91.83999633789062,90.97750091552734,91.02749633789062,89.90460205078125,110737200,-0.13613906850261848,-0.13698960715563266
126,2020-07-02,91.9625015258789,92.61750030517578,90.91000366210938,91.02749633789062,89.90460205078125,114041600,-0.13613906850261848,-0.13698960715563266
127,2020-07-06,92.5,93.94499969482422,92.46749877929688,93.4625015258789,92.3095703125,118655600,-0.07618692101406699,-0.07633484417078376
128,2020-07-07,93.85250091552734,94.65499877929688,93.05750274658205,93.17250061035156,92.02313995361328,112424400,-0.08332718785023008,-0.08352085387626489
129,2020-07-08,94.18000030517578,95.375,94.08999633789062,95.34249877929688,94.1663818359375,117092000,-0.02989947511155422,-0.029908389724146178
130,2020-07-09,96.2624969482422,96.31749725341795,94.67250061035156,95.75250244140624,94.5713348388672,125642800,-0.019804621660048483,-0.019807211545862076
131,2020-07-10,95.33499908447266,95.9800033569336,94.70500183105467,95.91999816894533,94.73675537109376,90257200,-0.015680943063727137,-0.015682228526071956
132,2020-07-13,97.26499938964844,99.95500183105467,95.25749969482422,95.47750091552734,94.29971313476562,191649200,-0.026575731584697282,-0.026581990780287057
133,2020-07-14,94.83999633789062,97.25499725341795,93.87750244140624,97.05750274658205,95.8602294921875,170989200,0.012325533063008098,0.012326157279828708
134,2020-07-15,98.98999786376952,99.24749755859376,96.48999786376952,97.7249984741211,96.5194854736328,153198000,0.0287597673360509,0.028767700573502034
135,2020-07-16,96.5625,97.40499877929688,95.90499877929688,96.52249908447266,95.33182525634766,110577600,-0.0008467691186454518,-0.0008467693210283535
136,2020-07-17,96.9875030517578,97.14749908447266,95.83999633789062,96.32749938964844,95.13922119140624,92186800,-0.005648091236722164,-0.00564815129766815
137,2020-07-20,96.4175033569336,98.5,96.0625,98.35749816894533,97.1441879272461,90318000,0.04433263548222688,0.04436171330903754
138,2020-07-21,99.17250061035156,99.25,96.74250030517578,97.0,95.8034439086914,103433200,0.01090995609628842,0.010910388987502248
139,2020-07-22,96.69249725341795,97.9749984741211,96.60250091552734,97.27249908447266,96.07256317138672,89001600,0.017618684018372743,0.01762050741036749
140,2020-07-23,96.99749755859376,97.07749938964844,92.01000213623048,92.84500122070312,91.69969177246094,197004400,-0.09139025187066363,-0.09164597047138746
141,2020-07-24,90.9875030517578,92.97000122070312,89.1449966430664,92.61499786376952,91.47251892089844,185438800,-0.09705332049367177,-0.09735978066167601
142,2020-07-27,93.70999908447266,94.90499877929688,93.4800033569336,94.80999755859376,93.64044952392578,121214000,-0.04301015604677261,-0.04303670663845004
143,2020-07-28,94.36750030517578,94.5500030517578,93.24749755859376,93.25250244140624,92.10216522216795,103625600,-0.08135720985462602,-0.08153742711678966
144,2020-07-29,93.75,95.2300033569336,93.7125015258789,95.04000091552734,93.86760711669922,90329200,-0.03734746780182896,-0.037364846846562896
145,2020-07-30,94.1875,96.29750061035156,93.76750183105467,96.19000244140624,95.00343322753906,158130000,-0.009033075631949439,-0.009033321332962758
146,2020-07-31,102.88500213623048,106.41500091552734,100.8249969482422,106.26000213623048,104.94920349121094,374336800,0.23889962902202844,0.2436068129917878
147,2020-08-03,108.1999969482422,111.6374969482422,107.89250183105467,108.9375,107.59367370605467,308151200,0.3048221906096349,0.3148272021873161
148,2020-08-04,109.13249969482422,110.79000091552734,108.3874969482422,109.66500091552734,108.31220245361328,173071600,0.3227340034738977,0.3346959939072937
149,2020-08-05,109.37750244140624,110.39250183105467,108.89749908447266,110.0625,108.70479583740234,121776800,0.33252075069322706,0.3456597130306564
150,2020-08-06,110.40499877929688,114.4124984741211,109.79750061035156,113.90249633789062,112.49742126464844,202428800,0.42706504992676053,0.45630150821876264
151,2020-08-07,113.20500183105467,113.6750030517578,110.2925033569336,111.1125030517578,109.9397201538086,198045600,0.3633055082024488,0.38068880735869326
152,2020-08-10,112.5999984741211,113.7750015258789,110.0,112.72750091552734,111.53768157958984,212403600,0.40314022062022836,0.42739290406778385
153,2020-08-11,111.97000122070312,112.48249816894533,109.10749816894533,109.375,108.22054290771484,187902400,0.3204490724409579,0.33214749237844277
154,2020-08-12,110.49749755859376,113.2750015258789,110.29750061035156,113.01000213623048,111.8171844482422,165598000,0.41010779581514756,0.4357408079734702
155,2020-08-13,114.43000030517578,116.0425033569336,113.92749786376952,115.01000213623048,113.79607391357422,210082000,0.45943845642201087,0.49659926353610445
156,2020-08-14,114.83000183105467,115.0,113.04499816894533,114.90750122070312,113.69466400146484,165565200,0.45691046380590983,0.49339957691592645
157,2020-08-17,116.0625,116.0875015258789,113.9625015258789,114.60749816894533,113.39781188964844,119561600,0.44951039875175125,0.48408652801367297
158,2020-08-18,114.35250091552734,116.0,114.00749969482422,115.5625,114.34274291992188,105633600,0.47306607114676913,0.5140130508939904
159,2020-08-19,115.98249816894533,117.1624984741211,115.61000061035156,115.7074966430664,114.48619842529295,145538000,0.4766421955193647,0.5186303168078027
160,2020-08-20,115.75,118.39250183105467,115.73249816894533,118.2750015258789,117.026611328125,126907200,0.5399707688966948,0.6041143403253395
161,2020-08-21,119.2624969482422,124.86750030517578,119.25,124.37000274658205,123.05728149414062,338054800,0.6903060697831136,0.8485402050125
162,2020-08-24,128.69749450683594,128.78500366210938,123.9375,125.85749816894533,124.52906799316406,345937600,0.7269954359862469,0.9223249611789245
163,2020-08-25,124.69750213623048,125.18000030517578,123.05249786376952,124.8249969482422,123.50747680664062,211495600,0.7015287441956091,0.8703043772546858
164,2020-08-26,126.18000030517578,126.99250030517578,125.0824966430664,126.52249908447266,125.1870574951172,163022400,0.7433980988799438,0.9580327785351054
165,2020-08-27,127.14250183105467,127.48500061035156,123.8324966430664,125.01000213623048,123.6905288696289,155552400,0.7060919496453617,0.8793468299365765
166,2020-08-28,126.0124969482422,126.44249725341795,124.57749938964844,124.80750274658205,123.49016571044922,187630000,0.7010972052815303,0.8694551587337015
167,2020-08-31,127.58000183105467,131.0,126.0,129.0399932861328,127.67798614501952,225702700,0.8054931061943755,1.1140607081619525
168,2020-09-01,132.75999450683594,134.8000030517578,130.52999877929688,134.17999267578125,132.7637176513672,151948100,0.9322725444967448,1.6754802145599967
169,2020-09-02,137.58999633789062,137.97999572753906,127.0,131.39999389648438,130.01307678222656,200119000,0.8637033123369398,1.3077433893902122
170,2020-09-03,126.91000366210938,128.83999633789062,120.5,120.87999725341795,119.60411834716795,257599600,0.6042240413486168,0.6997735825769253
171,2020-09-04,120.06999969482422,123.6999969482422,110.88999938964844,120.95999908447266,119.68326568603516,332607200,0.6061970623687369,0.7028869824697492
172,2020-09-08,113.9499969482422,118.98999786376952,112.68000030517578,112.81999969482422,111.6291961669922,231366600,0.4054215380615567,0.4301199383625437
173,2020-09-09,117.26000213623048,119.13999938964844,115.26000213623048,117.31999969482422,116.0816879272461,176940500,0.5164152866907095,0.5714389782276923
174,2020-09-10,120.36000061035156,120.5,112.5,113.48999786376952,112.29212188720705,182274400,0.42194725325909155,0.4500586972406411
175,2020-09-11,114.56999969482422,115.2300033569336,110.0,112.0,110.8178482055664,180860300,0.38519588543145833,0.4061465689856741
176,2020-09-14,114.72000122070312,115.93000030517578,112.8000030517578,115.36000061035156,114.1423797607422,140150100,0.46807132678293817,0.5075976941340514
177,2020-09-15,118.33000183105467,118.83000183105467,113.61000061035156,115.54000091552734,114.32048034667967,184642000,0.4725110995507875,0.5132983150331024
178,2020-09-16,115.2300033569336,116.0,112.04000091552734,112.12999725341795,110.94647216796876,154679000,0.3884022823254436,0.4099170927601352
179,2020-09-17,109.72000122070312,112.1999969482422,108.70999908447266,110.33999633789062,109.17536163330078,178011000,0.3442512298217164,0.3589073436314198
180,2020-09-18,110.4000015258789,110.87999725341795,106.08999633789062,106.83999633789062,105.7123031616211,287104900,0.2579225262124467,0.2638816003238854
181,2020-09-21,104.54000091552734,110.19000244140624,103.0999984741211,110.08000183105467,108.9181137084961,195713800,0.3378384360337465,0.35165045127925504
182,2020-09-22,112.68000030517578,112.86000061035156,109.16000366210938,111.80999755859376,110.6298370361328,183055400,0.38050905711077054,0.40065475558327834
183,2020-09-23,111.62000274658205,112.11000061035156,106.7699966430664,107.12000274658205,105.98936462402344,150718700,0.26482924091705917,0.2712948035601223
184,2020-09-24,105.16999816894533,110.25,105.0,108.22000122070312,107.07774353027344,167743300,0.2919608474956408,0.30070849388765564
185,2020-09-25,108.43000030517578,112.44000244140624,107.66999816894533,112.27999877929688,111.09487915039062,149981400,0.3921018393799418,0.4142813148679427
186,2020-09-28,115.01000213623048,115.31999969482422,112.77999877929688,114.95999908447266,113.74658966064452,137672400,0.45820489035911316,0.49503676379282274
187,2020-09-29,114.5500030517578,115.30999755859376,113.56999969482422,114.08999633789062,112.8857879638672,99382200,0.4367464324222474,0.4682032505442505
188,2020-09-30,113.79000091552734,117.26000213623048,113.62000274658205,115.80999755859376,114.58763122558594,142675200,0.47917075870256265,0.5219073376779376
189,2020-10-01,117.63999938964844,117.72000122070312,115.83000183105467,116.79000091552734,115.55728149414062,116120400,0.5033426435619324,0.5537729860985836
190,2020-10-02,112.88999938964844,115.37000274658205,112.22000122070312,113.0199966430664,111.82707977294922,144712000,0.41035447098992006,0.43603739579105205
191,2020-10-05,113.91000366210938,116.6500015258789,113.5500030517578,116.5,115.27033233642578,106243800,0.49618944387157926,0.5442382337040637
192,2020-10-06,115.6999969482422,116.12000274658205,112.25,113.16000366210938,111.9655990600586,161498200,0.41380754305867806,0.44019678427942543
193,2020-10-07,114.62000274658205,115.5500030517578,114.12999725341795,115.08000183105467,113.8653335571289,96849000,0.46116499245638987,0.4987899604806376
194,2020-10-08,116.25,116.4000015258789,114.58999633789062,114.97000122070312,113.75648498535156,83477200,0.45845156553388655,0.49534903645387857
195,2020-10-09,115.27999877929688,117.0,114.91999816894533,116.97000122070312,115.73538208007812,100506900,0.5077824163297824,0.5597371949702187
196,2020-10-12,120.05999755859376,125.18000030517578,119.27999877929688,124.4000015258789,123.0869598388672,240226800,0.6910459051184008,0.8499548948255304
197,2020-10-13,125.2699966430664,125.38999938964844,119.6500015258789,121.0999984741211,119.82178497314452,262330500,0.6096501344374945,0.7083643491985765
198,2020-10-14,121.0,123.02999877929688,119.62000274658205,121.19000244140624,119.91085052490234,150712000,0.6118704011994842,0.7119056110887217
199,2020-10-15,118.72000122070312,121.1999969482422,118.1500015258789,120.70999908447266,119.43590545654295,112559200,0.6000307535665075,0.6931952343931128
200,2020-10-16,121.27999877929688,121.5500030517578,118.80999755859376,119.0199966430664,117.76374053955078,115393800,0.558346262621479,0.6304271372129423
201,2020-10-19,119.95999908447266,120.41999816894533,115.66000366210938,115.9800033569336,114.75582885742188,120639300,0.4833636661066074,0.5273641622076997
202,2020-10-20,116.1999969482422,118.9800033569336,115.62999725341795,117.51000213623048,116.26969146728516,124423700,0.5211019248223647,0.577851256824272
203,2020-10-21,116.66999816894533,118.70999908447266,116.4499969482422,116.87000274658205,115.6364517211914,89946000,0.5053162351491489,0.5564197893043453
204,2020-10-22,117.4499969482422,118.04000091552734,114.58999633789062,115.75,114.52825927734376,101988000,0.47769070765392496,0.519987944508345
205,2020-10-23,116.38999938964844,116.5500030517578,114.27999877929688,115.04000091552734,113.82576751708984,82572600,0.460178672135362,0.49753793745355046
206,2020-10-26,114.01000213623048,116.5500030517578,112.87999725341795,115.0500030517578,113.83566284179688,111850700,0.4604253473101352,0.49785092853784446
207,2020-10-27,115.48999786376952,117.27999877929688,114.54000091552734,116.5999984741211,115.36929321289062,92276800,0.4986563858083417,0.5475162601079571
208,2020-10-28,115.0500030517578,115.43000030517578,111.0999984741211,111.1999969482422,110.02628326416016,143937800,0.36546339296187424,0.38317707611685536
209,2020-10-29,112.37000274658205,116.93000030517578,112.1999969482422,115.31999969482422,114.1028060913086,146129200,0.4670848162728778,0.506335155536586
210,2020-10-30,111.05999755859376,111.98999786376952,107.72000122070312,108.86000061035156,107.71099090576172,190272600,0.30774672735788866,0.3180544950828727
211,2020-11-02,109.11000061035156,110.68000030517578,107.31999969482422,108.7699966430664,107.62193298339844,122866900,0.30552665078493146,0.3156040073844847
212,2020-11-03,109.66000366210938,111.48999786376952,108.7300033569336,110.44000244140624,109.27430725097656,107624400,0.34671779138041425,0.36170821854055246
213,2020-11-04,114.13999938964844,115.58999633789062,112.3499984741211,114.9499969482422,113.73670959472656,138235500,0.4579585955624048,0.4947250617934054
214,2020-11-05,117.9499969482422,119.62000274658205,116.87000274658205,119.02999877929688,117.7736358642578,126387100,0.5585929377962517,0.630785618514544
215,2020-11-06,118.31999969482422,119.1999969482422,116.12999725341795,118.69000244140624,117.63983917236328,114457900,0.5552575927384307,0.6259506054563074
216,2020-11-09,120.5,121.98999786376952,116.0500030517578,116.31999969482422,115.29080200195312,154515300,0.4966997210449917,0.5449154045604641
217,2020-11-10,115.5500030517578,117.58999633789062,114.12999725341795,115.97000122070312,114.94390869140624,138023400,0.48805220612858435,0.533500322397796
218,2020-11-11,117.19000244140624,119.62999725341795,116.44000244140624,119.48999786376952,118.43275451660156,112295000,0.5750237486667154,0.6549961707586444
219,2020-11-12,119.62000274658205,120.52999877929688,118.56999969482422,119.20999908447266,118.15523529052734,103162300,0.5681056226201706,0.64472124923132
220,2020-11-13,119.44000244140624,119.66999816894533,117.87000274658205,119.26000213623048,118.20479583740234,81581900,0.56934109057339,0.6465473696855588
221,2020-11-16,118.91999816894533,120.98999786376952,118.1500015258789,120.3000030517578,119.235595703125,91183000,0.5950373405259022,0.6854287809531804
222,2020-11-17,119.5500030517578,120.66999816894533,118.95999908447266,119.38999938964844,118.3336410522461,74271000,0.5725530029493089,0.6513126984957841
223,2020-11-18,118.61000061035156,119.81999969482422,118.0,118.02999877929688,116.98567962646484,76322100,0.538950404738902,0.6026751442787387
224,2020-11-19,117.58999633789062,119.05999755859376,116.80999755859376,118.63999938964844,117.5902862548828,74113000,0.5540223149742431,0.6241664866654858
225,2020-11-20,118.63999938964844,118.7699966430664,117.29000091552734,117.33999633789062,116.30178833007812,73604300,0.5219020500808613,0.5789502763228015
226,2020-11-23,117.18000030517578,117.62000274658205,113.75,113.8499984741211,112.84265899658205,127959300,0.4356712938231788,0.46687546264182506
227,2020-11-24,113.91000366210938,115.8499984741211,112.58999633789062,115.16999816894533,114.15097045898438,113874200,0.46828547963320344,0.5078719646114873
228,2020-11-25,115.5500030517578,116.75,115.16999816894533,116.02999877929688,115.00337982177734,76499200,0.48953472963464173,0.5354482417605034
229,2020-11-27,116.56999969482422,117.48999786376952,116.22000122070312,116.58999633789062,115.55841064453124,46691300,0.5033707915386989,0.5538106860313629
230,2020-11-30,116.97000122070312,120.97000122070312,116.80999755859376,119.0500030517578,117.99665069580078,169410200,0.5641523533967072,0.6389032905661004
231,2020-12-01,121.01000213623048,123.47000122070312,120.01000213623048,122.72000122070312,121.63419342041016,127728200,0.6548306801725605,0.7837094478893866
232,2020-12-02,122.0199966430664,123.37000274658205,120.88999938964844,123.08000183105467,121.99099731445312,89004200,0.6637252506418048,0.7994429808523655
233,2020-12-03,123.5199966430664,123.77999877929688,122.20999908447266,122.94000244140624,121.8522491455078,78967600,0.6602664729020804,0.7932859139097622
234,2020-12-04,122.5999984741211,122.86000061035156,121.5199966430664,122.25,121.16834259033205,78260400,0.6432177378659758,0.763642974052484
235,2020-12-07,122.30999755859376,124.56999969482422,122.25,123.75,122.65506744384766,86712000,0.6802794941941708,0.8296341146838977
236,2020-12-08,124.37000274658205,124.9800033569336,123.08999633789062,124.37999725341795,123.27948760986328,82225500,0.6958453253461547,0.8592001211495938
237,2020-12-09,124.52999877929688,125.9499969482422,121.0,121.77999877929688,120.70249938964844,115089200,0.6316049857484225,0.7440818462050431
238,2020-12-10,120.5,123.87000274658205,120.1500015258789,123.23999786376952,122.14958953857422,81312200,0.6676787100543005,0.8065428513680175
239,2020-12-11,122.43000030517578,122.76000213623048,120.5500030517578,122.41000366210938,121.3269271850586,86939800,0.6471710070894388,0.7704155270105053
240,2020-12-14,122.5999984741211,123.3499984741211,121.54000091552734,121.77999877929688,120.70249938964844,79184500,0.6316049857484225,0.7440818462050431
241,2020-12-15,124.33999633789062,127.9000015258789,124.12999725341795,127.87999725341795,126.74852752685548,157243700,0.7823231371566752,1.0513306214924383
242,2020-12-16,127.41000366210938,128.3699951171875,126.55999755859376,127.80999755859376,126.67913818359376,98208600,0.7805933679087489,1.046887582399868
243,2020-12-17,128.89999389648438,129.5800018310547,128.0399932861328,128.6999969482422,127.56127166748048,94359800,0.8025835943796673,1.1058305064675038
244,2020-12-18,128.9600067138672,129.10000610351562,126.12000274658205,126.66000366210938,125.5393295288086,192541500,0.7521796970640566,0.9779559672316879
245,2020-12-21,125.0199966430664,128.30999755859375,123.4499969482422,128.22999572753906,127.09542083740234,121251600,0.7909706520730819,1.0740191763906146
246,2020-12-22,131.61000061035156,134.41000366210938,129.64999389648438,131.8800048828125,130.713134765625,168904800,0.881154677554228,1.380909110615447
247,2020-12-23,132.16000366210938,132.42999267578125,130.77999877929688,130.9600067138672,129.80126953125,88223700,0.8584232844247972,1.2873209904767844
248,2020-12-24,131.32000732421875,133.4600067138672,131.10000610351562,131.97000122070312,130.8023223876953,54930100,0.8833779873407328,1.3909421006850895
249,2020-12-28,133.99000549316406,137.33999633789062,133.50999450683594,136.69000244140625,135.4805908203125,124486200,0.999,3.8002011672502
250,2020-12-29,138.0500030517578,138.7899932861328,134.33999633789062,134.8699951171875,133.6766815185547,121047300,0.9550313248468134,1.8860976777813785
251,2020-12-30,135.5800018310547,135.99000549316406,133.39999389648438,133.72000122070312,132.53684997558594,96452100,0.9266170834350251,1.6339148866204551
252,2020-12-31,134.0800018310547,134.74000549316406,131.72000122070312,132.69000244140625,131.51597595214844,99116600,0.9011682694134147,1.4784025709282225
